date,TB3MS,DGS10,AAA,BAA,csp,GS10,T10Y2Y,CPIAUCSL,PCEPILFE,VIXCLS,PAYEMS,UNRATE,GDPC1,INDPRO,NCBEILQ027S,DGS3MO
1/01/1990,7.64,8.21,8.99,9.94,0.95,8.21,0.12,127.5,59.181,23.35,109196,5.4,10047.386,61.6352,3006907,7.9
1/02/1990,7.74,8.47,9.22,10.14,0.92,8.47,0.1,128,59.468,23.26,109436,5.3,10047.386,62.1951,3006907,8
1/03/1990,7.9,8.59,9.37,10.21,0.84,8.59,-0.04,128.6,59.754,20.06,109640,5.2,10047.386,62.4916,3006907,8.17
1/04/1990,7.77,8.79,9.46,10.3,0.84,8.79,0.06,128.9,59.932,21.4,109674,5.4,10083.855,62.3511,3136251,8.04
1/05/1990,7.74,8.76,9.47,10.41,0.94,8.76,0.12,129.1,60.115,18.1,109828,5.4,10083.855,62.5353,3136251,8.01
1/06/1990,7.73,8.48,9.26,10.22,0.96,8.48,0.13,129.9,60.349,16.82,109850,5.2,10083.855,62.7479,3136251,7.99
1/07/1990,7.62,8.47,9.24,10.2,0.96,8.47,0.31,130.5,60.501,18.39,109815,5.5,10090.569,62.6435,2654774,7.87
1/08/1990,7.45,8.75,9.41,10.41,1,8.75,0.69,131.6,60.753,28.18,109606,5.7,10090.569,62.8704,2654774,7.69
1/09/1990,7.36,8.89,9.56,10.64,1.08,8.89,0.81,132.5,60.965,29.11,109523,5.9,10090.569,62.8839,2654774,7.6
1/10/1990,7.17,8.72,9.53,10.74,1.21,8.72,0.84,133.4,61.172,29.63,109377,5.9,9998.704,62.4973,2956992,7.4
1/11/1990,7.06,8.39,9.3,10.62,1.32,8.39,0.79,133.7,61.246,24.89,109222,6.2,9998.704,61.7175,2956992,7.29
1/12/1990,6.74,8.08,9.05,10.43,1.38,8.08,0.76,134.2,61.331,23.36,109168,6.3,9998.704,61.2885,2956992,6.95
1/01/1991,6.22,8.09,9.04,10.45,1.41,8.09,0.97,134.7,61.637,27.43,109058,6.4,9951.916,61.0842,3397923,6.41
1/02/1991,5.94,7.85,8.83,10.07,1.24,7.85,0.99,134.8,61.807,21.6,108735,6.6,9951.916,60.6387,3397923,6.12
1/03/1991,5.91,8.11,8.93,10.09,1.16,8.11,1.01,134.8,61.936,17.74,108568,6.8,9951.916,60.2973,3397923,6.09
1/04/1991,5.65,8.04,8.86,9.94,1.08,8.04,1.09,135.1,62.06,17.37,108350,6.7,10029.51,60.4524,3355984,5.83
1/05/1991,5.46,8.07,8.86,9.86,1,8.07,1.28,135.6,62.307,16.93,108253,6.9,10029.51,61.0587,3355984,5.63
1/06/1991,5.57,8.28,9.01,9.96,0.95,8.28,1.33,136,62.442,17.14,108330,6.9,10029.51,61.5514,3355984,5.75
1/07/1991,5.58,8.27,9,9.89,0.89,8.27,1.36,136.2,62.632,17.29,108290,6.8,10080.195,61.7201,3538025,5.75
1/08/1991,5.33,7.9,8.75,9.65,0.9,7.9,1.47,136.6,62.804,15.68,108299,6.9,10080.195,61.7289,3538025,5.5
1/09/1991,5.22,7.65,8.61,9.51,0.9,7.65,1.47,137,63.055,16.96,108335,6.9,10080.195,62.2369,3538025,5.37
1/10/1991,4.99,7.53,8.55,9.49,0.94,7.53,1.62,137.2,63.194,16.36,108361,7,10115.329,62.1718,4000417,5.14
1/11/1991,4.56,7.42,8.48,9.45,0.97,7.42,1.86,137.8,63.312,17.77,108300,7,10115.329,62.0894,4000417,4.69
1/12/1991,4.07,7.09,8.31,9.26,0.95,7.09,2.06,138.2,63.468,18.35,108330,7.3,10115.329,61.806,4000417,4.18
1/01/1992,3.8,7.03,8.2,9.13,0.93,7.03,2.07,138.3,63.641,17.68,108365,7.3,10236.435,61.4823,3914314,3.91
1/02/1992,3.84,7.34,8.29,9.23,0.94,7.34,2.13,138.6,63.814,17.48,108313,7.4,10236.435,61.9192,3914314,3.95
1/03/1992,4.04,7.54,8.35,9.25,0.9,7.54,1.86,139.1,63.973,17.52,108367,7.4,10236.435,62.4403,3914314,4.14
1/04/1992,3.75,7.48,8.33,9.21,0.88,7.48,2.14,139.4,64.183,16.56,108517,7.4,10347.429,62.9199,3876608,3.84
1/05/1992,3.63,7.39,8.28,9.13,0.85,7.39,2.17,139.7,64.273,15.08,108647,7.6,10347.429,63.1268,3876608,3.72
1/06/1992,3.66,7.26,8.22,9.05,0.83,7.26,2.21,140.1,64.323,15.2,108707,7.8,10347.429,63.1624,3876608,3.75
1/07/1992,3.21,6.84,8.07,8.84,0.77,6.84,2.49,140.5,64.566,13.6,108792,7.7,10449.673,63.7348,3973482,3.28
1/08/1992,3.13,6.59,7.95,8.65,0.7,6.59,2.39,140.8,64.625,14.42,108916,7.6,10449.673,63.3802,3973482,3.2
1/09/1992,2.91,6.42,7.92,8.62,0.7,6.42,2.52,141.1,64.73,13.7,108952,7.6,10449.673,63.5834,3973482,2.97
1/10/1992,2.86,6.59,7.99,8.84,0.85,6.59,2.51,141.7,64.979,17.64,109138,7.3,10558.648,64.0178,4369261,2.93
1/11/1992,3.13,6.87,8.1,8.96,0.86,6.87,2.29,142.1,65.121,14.42,109283,7.4,10558.648,64.2628,4369261,3.21
1/12/1992,3.22,6.77,7.98,8.81,0.83,6.77,2.1,142.3,65.242,12.19,109502,7.4,10558.648,64.3599,4369261,3.29
1/01/1993,3,6.6,7.91,8.67,0.76,6.6,2.21,142.8,65.432,12.41,109790,7.3,10576.275,64.6135,4493617,3.07
1/02/1993,2.93,6.26,7.71,8.39,0.68,6.26,2.16,143.1,65.557,13.72,110048,7.1,10576.275,64.9262,4493617,2.99
1/03/1993,2.95,5.98,7.58,8.15,0.57,5.98,2.03,143.3,65.7,13.61,110004,7,10576.275,64.8627,4493617,3.01
1/04/1993,2.87,5.97,7.46,8.14,0.68,5.97,2.13,143.8,65.891,12.84,110300,7.1,10637.847,65.0423,4515232,2.93
1/05/1993,2.96,6.04,7.43,8.21,0.78,6.04,2.06,144.2,66.114,13.61,110571,7.1,10637.847,64.8006,4515232,3.03
1/06/1993,3.07,5.96,7.33,8.07,0.74,5.96,1.8,144.3,66.177,12.52,110742,7,10637.847,64.9476,4515232,3.14
1/07/1993,3.04,5.81,7.17,7.93,0.76,5.81,1.73,144.5,66.314,11.5,111054,6.9,10688.606,65.1142,4646190,3.11
1/08/1993,3.02,5.68,6.85,7.6,0.75,5.68,1.68,144.8,66.438,11.93,111200,6.8,10688.606,65.0421,4646190,3.09
1/09/1993,2.95,5.36,6.66,7.34,0.68,5.36,1.51,145,66.538,12.93,111449,6.7,10688.606,65.3749,4646190,3.01
1/10/1993,3.02,5.33,6.67,7.31,0.64,5.33,1.46,145.6,66.647,11.88,111734,6.8,10833.987,65.863,4865339,3.09
1/11/1993,3.1,5.72,6.93,7.66,0.73,5.72,1.57,146,66.819,14.08,111988,6.6,10833.987,66.1696,4865339,3.18
1/12/1993,3.06,5.77,6.93,7.69,0.76,5.77,1.56,146.3,66.849,11.36,112324,6.5,10833.987,66.5531,4865339,3.13
1/01/1994,2.98,5.75,6.92,7.65,0.73,5.75,1.61,146.3,66.902,11.29,112601,6.6,10939.116,66.7591,4658750,3.04
1/02/1994,3.25,5.97,7.08,7.76,0.68,5.97,1.5,146.7,67.047,13.64,112782,6.6,10939.116,66.8019,4658750,3.33
1/03/1994,3.5,6.48,7.48,8.13,0.65,6.48,1.49,147.1,67.275,15.22,113245,6.5,10939.116,67.4704,4658750,3.59
1/04/1994,3.68,6.97,7.88,8.52,0.64,6.97,1.42,147.2,67.376,16.47,113589,6.4,11087.361,67.8707,4573094,3.78
1/05/1994,4.14,7.18,7.99,8.62,0.63,7.18,1.22,147.5,67.526,13.9,113922,6.1,11087.361,68.187,4573094,4.27
1/06/1994,4.14,7.1,7.97,8.65,0.68,7.1,1.17,147.9,67.676,13.41,114239,6.1,11087.361,68.645,4573094,4.25
1/07/1994,4.33,7.3,8.11,8.8,0.69,7.3,1.17,148.4,67.818,12.48,114608,6.1,11152.176,68.7317,4833579,4.46
1/08/1994,4.48,7.24,8.07,8.74,0.67,7.24,1.06,149,67.894,11.89,114903,6,11152.176,69.1882,4833579,4.61
1/09/1994,4.62,7.46,8.34,8.98,0.64,7.46,1.06,149.3,67.997,13.23,115247,5.9,11152.176,69.3935,4833579,4.75
1/10/1994,4.95,7.74,8.57,9.2,0.63,7.74,1.02,149.4,68.157,15.25,115457,5.8,11279.932,69.9576,4831577,5.1
1/11/1994,5.29,7.96,8.68,9.32,0.64,7.96,0.81,149.8,68.282,16.38,115868,5.6,11279.932,70.4288,4831577,5.45
1/12/1994,5.6,7.81,8.46,9.1,0.64,7.81,0.22,150.1,68.305,14.18,116173,5.5,11279.932,71.1273,4831577,5.76
1/01/1995,5.71,7.78,8.46,9.08,0.62,7.78,0.27,150.5,68.475,12.27,116505,5.6,11319.951,71.2635,5203193,5.9
1/02/1995,5.77,7.47,8.26,8.85,0.59,7.47,0.36,150.9,68.587,11.47,116694,5.4,11319.951,71.1758,5203193,5.94
1/03/1995,5.73,7.2,8.12,8.7,0.58,7.2,0.43,151.2,68.755,12.17,116908,5.4,11319.951,71.2796,5203193,5.91
1/04/1995,5.65,7.06,8.03,8.6,0.57,7.06,0.49,151.8,68.915,12.44,117065,5.8,11353.721,71.1538,5633101,5.84
1/05/1995,5.67,6.63,7.65,8.2,0.55,6.63,0.46,152.1,69.032,12.27,117047,5.6,11353.721,71.4997,5633101,5.85
1/06/1995,5.47,6.17,7.3,7.9,0.6,6.17,0.45,152.4,69.092,11.9,117291,5.6,11353.721,71.7327,5633101,5.64
1/07/1995,5.42,6.28,7.41,8.04,0.63,6.28,0.5,152.6,69.201,12.51,117382,5.7,11450.31,71.4334,6064628,5.59
1/08/1995,5.4,6.49,7.57,8.19,0.62,6.49,0.51,152.9,69.367,12.8,117646,5.7,11450.31,72.3723,6064628,5.57
1/09/1995,5.28,6.2,7.32,7.93,0.61,6.2,0.39,153.1,69.458,12.06,117873,5.6,11450.31,72.6543,6064628,5.43
1/10/1995,5.28,6.04,7.12,7.75,0.63,6.04,0.35,153.5,69.627,14.36,118026,5.5,11528.067,72.5336,6449974,5.44
1/11/1995,5.36,5.93,7.02,7.68,0.66,5.93,0.45,153.7,69.672,12.47,118165,5.6,11528.067,72.717,6449974,5.52
1/12/1995,5.14,5.71,6.82,7.49,0.67,5.71,0.39,153.9,69.77,11.75,118325,5.6,11528.067,72.9638,6449974,5.29
1/01/1996,5,5.65,6.81,7.47,0.66,5.65,0.54,154.7,69.849,13.47,118317,5.6,11614.418,72.5712,6728661,5.15
1/02/1996,4.83,5.81,6.99,7.63,0.64,5.81,0.78,155,69.94,15.03,118737,5.5,11614.418,73.6207,6728661,4.96
1/03/1996,4.96,6.27,7.35,8.03,0.68,6.27,0.61,155.5,70.102,17.76,118992,5.5,11614.418,73.5141,6728661,5.1
1/04/1996,4.95,6.51,7.5,8.19,0.69,6.51,0.55,156.1,70.197,16.58,119158,5.6,11808.14,74.2491,7035650,5.09
1/05/1996,5.02,6.74,7.62,8.3,0.68,6.74,0.64,156.4,70.319,16.15,119496,5.6,11808.14,74.8142,7035650,5.15
1/06/1996,5.09,6.91,7.71,8.4,0.69,6.91,0.62,156.7,70.373,16.4,119770,5.3,11808.14,75.3726,7035650,5.23
1/07/1996,5.15,6.87,7.65,8.35,0.7,6.87,0.6,157,70.505,17.98,120019,5.5,11914.063,75.3738,7100424,5.3
1/08/1996,5.05,6.64,7.46,8.18,0.72,6.64,0.61,157.2,70.566,15.76,120198,5.1,11914.063,75.7557,7100424,5.19
1/09/1996,5.09,6.83,7.66,8.35,0.69,6.83,0.6,157.7,70.78,16.58,120400,5.2,11914.063,76.2302,7100424,5.24
1/10/1996,4.99,6.53,7.39,8.07,0.68,6.53,0.62,158.2,70.948,16.38,120665,5.2,12037.775,76.2157,7403482,5.12
1/11/1996,5.03,6.2,7.1,7.79,0.69,6.2,0.5,158.7,71.041,16,120947,5.4,12037.775,76.8973,7403482,5.17
1/12/1996,4.91,6.3,7.2,7.89,0.69,6.3,0.52,159.1,71.068,19.26,121143,5.4,12037.775,77.3772,7403482,5.04
1/01/1997,5.03,6.58,7.42,8.09,0.67,6.58,0.57,159.4,71.144,19.47,121357,5.3,12115.472,77.5135,7454662,5.17
1/02/1997,5.01,6.42,7.31,7.94,0.63,6.42,0.52,159.7,71.29,20.14,121674,5.2,12115.472,78.4255,7454662,5.14
1/03/1997,5.14,6.69,7.55,8.18,0.63,6.69,0.47,159.8,71.46,20.17,121991,5.2,12115.472,78.9197,7454662,5.28
1/04/1997,5.16,6.89,7.73,8.34,0.61,6.89,0.44,159.9,71.6,19.66,122288,5.1,12317.221,78.9848,8597080,5.3
1/05/1997,5.05,6.71,7.58,8.2,0.62,6.71,0.43,159.9,71.652,19.92,122560,4.9,12317.221,79.4296,8597080,5.2
1/06/1997,4.93,6.49,7.41,8.02,0.61,6.49,0.4,160.2,71.758,20.19,122816,5,12317.221,79.7971,8597080,5.07
1/07/1997,5.05,6.22,7.14,7.75,0.61,6.22,0.33,160.4,71.807,20.53,123114,4.9,12471.01,80.4666,9304824,5.19
1/08/1997,5.14,6.3,7.22,7.82,0.6,6.3,0.36,160.8,71.778,23.08,123086,4.8,12471.01,81.2825,9304824,5.28
1/09/1997,4.95,6.21,7.15,7.7,0.55,6.21,0.33,161.2,71.927,23.81,123575,4.9,12471.01,82.0327,9304824,5.08
1/10/1997,4.97,6.03,7,7.57,0.57,6.03,0.26,161.5,72.036,23.87,123924,4.7,12577.495,82.7656,9433427,5.11
1/11/1997,5.14,5.88,6.87,7.42,0.55,5.88,0.16,161.7,72.058,32.21,124226,4.6,12577.495,83.427,9433427,5.28
1/12/1997,5.16,5.81,6.76,7.32,0.56,5.81,0.09,161.8,72.1,26.28,124549,4.7,12577.495,83.784,9433427,5.3
1/01/1998,5.04,5.54,6.61,7.19,0.58,5.54,0.19,162,72.21,23.87,124806,4.6,12703.742,84.1564,10786196,5.18
1/02/1998,5.09,5.57,6.67,7.25,0.58,5.57,0.16,162,72.272,20,125017,4.6,12703.742,84.3066,10786196,5.23
1/03/1998,5.03,5.65,6.72,7.32,0.6,5.65,0.09,162,72.349,20.16,125165,4.7,12703.742,84.342,10786196,5.16
1/04/1998,4.95,5.64,6.69,7.33,0.64,5.64,0.07,162.2,72.482,22.03,125446,4.3,12821.339,84.6339,10982814,5.08
1/05/1998,5,5.65,6.69,7.3,0.61,5.65,0.06,162.6,72.552,20.87,125846,4.4,12821.339,85.1867,10982814,5.14
1/06/1998,4.98,5.5,6.53,7.13,0.6,5.5,-0.02,162.8,72.461,21.66,126076,4.5,12821.339,84.6809,10982814,5.12
1/07/1998,4.96,5.46,6.55,7.15,0.6,5.46,0,163.2,72.665,19.93,126211,4.5,12982.752,84.3445,9912848,5.09
1/08/1998,4.9,5.34,6.52,7.14,0.62,5.34,0.07,163.4,72.807,31.59,126546,4.5,12982.752,86.0816,9912848,5.04
1/09/1998,4.61,4.81,6.4,7.09,0.69,4.81,0.14,163.5,72.795,38.2,126744,4.6,12982.752,86.0023,9912848,4.74
1/10/1998,3.96,4.53,6.37,7.18,0.81,4.53,0.44,163.9,72.937,36.61,126948,4.5,13191.67,86.591,11883702,4.07
1/11/1998,4.41,4.83,6.41,7.34,0.93,4.83,0.29,164.1,72.95,26.22,127223,4.4,13191.67,86.5115,11883702,4.53
1/12/1998,4.39,4.65,6.22,7.23,1.01,4.65,0.14,164.4,73.076,25.48,127595,4.4,13191.67,86.8615,11883702,4.5
1/01/1999,4.34,4.72,6.24,7.29,1.05,4.72,0.11,164.7,73.18,28.04,127699,4.3,13315.597,87.2205,12155256,4.45
1/02/1999,4.44,5,6.4,7.39,0.99,5,0.12,164.7,73.155,28.82,128118,4.4,13315.597,87.726,12155256,4.56
1/03/1999,4.44,5.23,6.62,7.53,0.91,5.23,0.18,164.8,73.177,25.31,128234,4.2,13315.597,87.9125,12155256,4.57
1/04/1999,4.29,5.18,6.64,7.48,0.84,5.18,0.21,165.9,73.365,23.48,128596,4.3,13426.748,88.1082,13207732,4.41
1/05/1999,4.5,5.54,6.93,7.72,0.79,5.54,0.29,166,73.435,26.2,128813,4.2,13426.748,88.6483,13207732,4.63
1/06/1999,4.57,5.9,7.23,8.02,0.79,5.9,0.28,166,73.474,23.63,129084,4.3,13426.748,88.5903,13207732,4.72
1/07/1999,4.55,5.79,7.19,7.95,0.76,5.79,0.24,166.7,73.606,21.05,129421,4.3,13604.771,89.1098,12706835,4.69
1/08/1999,4.72,5.94,7.4,8.15,0.75,5.94,0.26,167.1,73.642,24.32,129572,4.2,13604.771,89.5007,12706835,4.87
1/09/1999,4.68,5.92,7.39,8.2,0.81,5.92,0.25,167.8,73.837,24.54,129772,4.2,13604.771,89.1304,12706835,4.82
1/10/1999,4.86,6.11,7.55,8.38,0.83,6.11,0.25,168.1,73.963,24.02,130178,4.1,13827.98,90.2709,15388745,5.02
1/11/1999,5.07,6.03,7.36,8.15,0.79,6.03,0.17,168.4,74.034,21.82,130467,4.1,13827.98,90.7528,15388745,5.23
1/12/1999,5.2,6.28,7.55,8.19,0.64,6.28,0.17,168.8,74.128,22.16,130783,4,13827.98,91.4784,15388745,5.36
1/01/2000,5.32,6.66,7.78,8.33,0.55,6.66,0.22,169.3,74.306,23.2,131011,4,13878.147,91.4092,16265643,5.5
1/02/2000,5.55,6.52,7.68,8.29,0.61,6.52,-0.09,170,74.415,23.6,131121,4.1,13878.147,91.7245,16265643,5.73
1/03/2000,5.69,6.26,7.68,8.37,0.69,6.26,-0.27,171,74.568,22.72,131604,4,13878.147,92.083,16265643,5.86
1/04/2000,5.66,5.99,7.64,8.4,0.76,5.99,-0.41,170.9,74.617,27.16,131883,3.8,14130.908,92.6659,15617179,5.82
1/05/2000,5.79,6.44,7.99,8.9,0.91,6.44,-0.37,171.2,74.697,26.37,132105,4,14130.908,92.9347,15617179,5.99
1/06/2000,5.69,6.1,7.67,8.48,0.81,6.1,-0.38,172.2,74.754,21.54,132062,4,14130.908,93.0018,15617179,5.86
1/07/2000,5.96,6.05,7.65,8.35,0.7,6.05,-0.29,172.7,74.925,19.89,132228,4,14145.312,92.8373,15261250,6.14
1/08/2000,6.09,5.83,7.55,8.26,0.71,5.83,-0.4,172.7,75.021,18.09,132234,4.1,14145.312,92.591,15261250,6.28
1/09/2000,6,5.8,7.62,8.35,0.73,5.8,-0.28,173.6,75.203,19.69,132338,3.9,14145.312,92.9827,15261250,6.18
1/10/2000,6.11,5.74,7.55,8.34,0.79,5.74,-0.17,173.9,75.308,25.2,132352,3.9,14229.765,92.64,13366519,6.29
1/11/2000,6.17,5.72,7.45,8.28,0.83,5.72,-0.16,174.2,75.441,26.38,132556,3.9,14229.765,92.6604,13366519,6.36
1/12/2000,5.77,5.24,7.21,8.02,0.81,5.24,-0.11,174.6,75.515,26.53,132716,3.9,14229.765,92.3457,13366519,5.94
1/01/2001,5.15,5.16,7.15,7.93,0.78,5.16,0.4,175.6,75.796,24.92,132703,4.2,14183.12,91.8908,11817843,5.29
1/02/2001,4.88,5.1,7.1,7.87,0.77,5.1,0.44,176,75.93,23.41,132788,4.2,14183.12,91.2851,11817843,5.01
1/03/2001,4.42,4.89,6.98,7.84,0.86,4.89,0.54,176.1,76.009,28.5,132751,4.3,14183.12,91.0585,11817843,4.54
1/04/2001,3.87,5.14,7.2,8.07,0.87,5.14,0.91,176.4,76.13,28.13,132457,4.4,14271.694,90.7384,12673982,3.97
1/05/2001,3.62,5.39,7.29,8.07,0.78,5.39,1.13,177.3,76.148,22.94,132409,4.3,14271.694,90.2607,12673982,3.7
1/06/2001,3.49,5.28,7.18,7.97,0.79,5.28,1.2,177.7,76.318,20.94,132299,4.5,14271.694,89.7811,12673982,3.57
1/07/2001,3.51,5.24,7.13,7.97,0.84,5.24,1.2,177.4,76.515,22.32,132171,4.6,14214.516,89.2352,10625839,3.59
1/08/2001,3.36,4.97,7.02,7.85,0.83,4.97,1.21,177.4,76.553,21.86,132021,4.9,14214.516,89.157,10625839,3.44
1/09/2001,2.64,4.73,7.17,8.03,0.86,4.73,1.61,178.1,76.118,35.07,131763,5,14214.516,88.6749,10625839,2.69
1/10/2001,2.16,4.57,7.03,7.91,0.88,4.57,1.84,177.6,76.654,32.72,131452,5.3,14253.574,88.4051,11971563,2.2
1/11/2001,1.87,4.65,6.97,7.81,0.84,4.65,1.87,177.5,76.81,26.63,131144,5.5,14253.574,87.886,11971563,1.91
1/12/2001,1.69,5.09,6.77,8.05,1.28,5.09,1.98,177.4,76.828,23.72,130983,5.7,14253.574,87.8518,11971563,1.72
1/01/2002,1.65,5.04,6.55,7.87,1.32,5.04,2.01,177.7,76.871,22.25,130859,5.7,14372.785,88.4634,12001621,1.68
1/02/2002,1.72,4.91,6.51,7.89,1.38,4.91,1.9,178,77.018,22.88,130736,5.7,14372.785,88.4578,12001621,1.76
1/03/2002,1.79,5.28,6.81,8.11,1.3,5.28,1.73,178.5,77.11,18.99,130722,5.7,14372.785,89.1265,12001621,1.83
1/04/2002,1.71,5.21,6.76,8.03,1.27,5.21,1.79,179.3,77.325,19.9,130615,5.9,14460.848,89.5507,10408263,1.75
1/05/2002,1.73,5.16,6.75,8.09,1.34,5.16,1.9,179.5,77.411,20.09,130632,5.8,14460.848,89.9348,10408263,1.76
1/06/2002,1.7,4.93,6.63,7.95,1.32,4.93,1.93,179.6,77.534,25.27,130673,5.8,14460.848,90.6736,10408263,1.73
1/07/2002,1.68,4.65,6.53,7.9,1.37,4.65,2.1,180,77.692,34.05,130583,5.8,14519.633,90.6436,8649324,1.71
1/08/2002,1.62,4.26,6.37,7.58,1.21,4.26,2.12,180.5,77.845,33.74,130582,5.7,14519.633,90.5505,8649324,1.65
1/09/2002,1.63,3.87,6.15,7.4,1.25,3.87,1.87,180.8,77.972,37.65,130503,5.7,14519.633,90.6373,8649324,1.66
1/10/2002,1.58,3.94,6.32,7.73,1.41,3.94,2.03,181.2,78.038,35.24,130617,5.7,14537.58,90.3988,9251390,1.61
1/11/2002,1.23,4.05,6.31,7.62,1.31,4.05,2.13,181.5,78.114,28.18,130616,5.9,14537.58,90.8947,9251390,1.25
1/12/2002,1.19,4.03,6.21,7.45,1.24,4.03,2.2,181.8,78.187,28.21,130465,6,14537.58,90.3906,9251390,1.21
1/01/2003,1.17,4.05,6.17,7.35,1.18,4.05,2.31,182.6,78.24,27.42,130573,5.8,14614.141,91.1369,9012023,1.19
1/02/2003,1.17,3.9,5.95,7.06,1.11,3.9,2.27,183.6,78.348,32.22,130441,5.9,14614.141,91.2505,9012023,1.19
1/03/2003,1.13,3.81,5.89,6.95,1.06,3.81,2.23,183.9,78.474,30.63,130235,5.9,14614.141,91.0006,9012023,1.15
1/04/2003,1.13,3.96,5.74,6.85,1.11,3.96,2.34,183.2,78.561,23.99,130172,6,14743.567,90.4311,10359270,1.15
1/05/2003,1.07,3.57,5.22,6.38,1.16,3.57,2.15,182.9,78.674,20.24,130196,6.1,14743.567,90.4,10359270,1.09
1/06/2003,0.92,3.33,4.97,6.19,1.22,3.33,2.11,183.1,78.718,20.36,130185,6.3,14743.567,90.5196,10359270,0.94
1/07/2003,0.9,3.98,5.49,6.62,1.13,3.98,2.5,183.7,78.915,19.16,130184,6.2,14988.782,90.9869,10758279,0.92
1/08/2003,0.95,4.45,5.88,7.01,1.13,4.45,2.58,184.5,79.004,19.27,130153,6.1,14988.782,90.7933,10758279,0.97
1/09/2003,0.94,4.27,5.72,6.79,1.07,4.27,2.57,185.1,79.114,19.53,130253,6.1,14988.782,91.3819,10758279,0.96
1/10/2003,0.92,4.29,5.7,6.73,1.03,4.29,2.54,184.9,79.26,18.02,130440,6,15162.76,91.5049,11927922,0.94
1/11/2003,0.93,4.3,5.65,6.66,1.01,4.3,2.37,185,79.368,17.4,130481,5.8,15162.76,92.1265,11927922,0.95
1/12/2003,0.9,4.27,5.62,6.6,0.98,4.27,2.36,185.5,79.467,16.83,130589,5.7,15162.76,92.1732,11927922,0.91
1/01/2004,0.88,4.15,5.54,6.44,0.9,4.15,2.39,186.3,79.671,16.1,130756,5.7,15248.68,92.3268,12327258,0.9
1/02/2004,0.93,4.08,5.5,6.27,0.77,4.08,2.34,186.7,79.8,16,130820,5.6,15248.68,92.8995,12327258,0.94
1/03/2004,0.94,3.83,5.33,6.11,0.78,3.83,2.25,187.1,79.934,17.69,131139,5.8,15248.68,92.5368,12327258,0.95
1/04/2004,0.94,4.35,5.73,6.46,0.73,4.35,2.28,187.4,80.142,15.7,131412,5.6,15366.85,92.8957,12626660,0.96
1/05/2004,1.02,4.72,6.04,6.75,0.71,4.72,2.18,188.2,80.252,17.71,131697,5.6,15366.85,93.5845,12626660,1.04
1/06/2004,1.27,4.73,6.01,6.78,0.77,4.73,1.97,188.9,80.379,15.34,131794,5.6,15366.85,92.8651,12626660,1.29
1/07/2004,1.33,4.5,5.82,6.62,0.8,4.5,1.86,189.1,80.474,15.5,131853,5.5,15512.619,93.5502,12337220,1.36
1/08/2004,1.48,4.28,5.65,6.46,0.81,4.28,1.77,189.2,80.505,16.68,131940,5.4,15512.619,93.6301,12337220,1.5
1/09/2004,1.65,4.13,5.46,6.27,0.81,4.13,1.6,189.8,80.656,14.08,132091,5.4,15512.619,93.7353,12337220,1.68
1/10/2004,1.76,4.1,5.47,6.21,0.74,4.1,1.51,190.8,80.831,14.97,132431,5.5,15670.88,94.5695,13511859,1.79
1/11/2004,2.07,4.19,5.52,6.2,0.68,4.19,1.34,191.7,81.005,13.58,132504,5.4,15670.88,94.8015,13511859,2.11
1/12/2004,2.19,4.23,5.47,6.15,0.68,4.23,1.22,191.7,81.109,12.46,132629,5.4,15670.88,95.5415,13511859,2.22
1/01/2005,2.33,4.22,5.36,6.02,0.66,4.22,1,191.6,81.401,13.44,132781,5.3,15844.727,95.8785,13467492,2.37
1/02/2005,2.54,4.17,5.2,5.82,0.62,4.17,0.78,192.4,81.536,11.71,133033,5.4,15844.727,96.5709,13467492,2.58
1/03/2005,2.74,4.5,5.4,6.06,0.66,4.5,0.77,193.1,81.737,13.13,133152,5.2,15844.727,96.4345,13467492,2.8
1/04/2005,2.78,4.34,5.33,6.05,0.72,4.34,0.69,193.7,81.831,14.46,133519,5.2,15922.782,96.6347,13736489,2.84
1/05/2005,2.84,4.14,5.15,6.01,0.86,4.14,0.5,193.6,81.999,13.97,133689,5.1,15922.782,96.7251,13736489,2.9
1/06/2005,2.97,4,4.96,5.86,0.9,4,0.36,193.7,82.056,11.87,133947,5,15922.782,97.1483,13736489,3.04
1/07/2005,3.22,4.18,5.06,5.95,0.89,4.18,0.31,194.9,82.176,11.05,134300,5,16047.587,96.8397,14222454,3.29
1/08/2005,3.44,4.26,5.09,5.96,0.87,4.26,0.22,196.1,82.243,12.95,134503,4.9,16047.587,97.1584,14222454,3.52
1/09/2005,3.42,4.2,5.13,6.03,0.9,4.2,0.25,198.8,82.425,12.63,134554,5,16047.587,95.2764,14222454,3.49
1/10/2005,3.71,4.46,5.35,6.3,0.95,4.46,0.19,199.1,82.662,14.94,134643,5,16136.734,96.4411,14217798,3.79
1/11/2005,3.88,4.54,5.42,6.39,0.97,4.54,0.12,198.1,82.873,12.15,134999,5,16136.734,97.5016,14217798,3.97
1/12/2005,3.89,4.47,5.37,6.32,0.95,4.47,0.06,198.1,82.959,11.26,135158,4.9,16136.734,97.9723,14217798,3.97
1/01/2006,4.24,4.42,5.29,6.24,0.95,4.42,0.02,199.3,83.145,12.04,135426,4.7,16353.835,98.127,15235218,4.34
1/02/2006,4.43,4.57,5.35,6.27,0.92,4.57,-0.1,199.4,83.279,12.47,135731,4.8,16353.835,98.1687,15235218,4.54
1/03/2006,4.51,4.72,5.53,6.41,0.88,4.72,-0.01,199.7,83.509,11.69,136036,4.7,16353.835,98.3913,15235218,4.63
1/04/2006,4.6,4.99,5.84,6.68,0.84,4.99,0.1,200.7,83.764,11.85,136208,4.7,16396.151,98.6826,14749809,4.72
1/05/2006,4.72,5.11,5.95,6.75,0.8,5.11,0.14,201.3,83.974,14.45,136249,4.6,16396.151,98.7074,14749809,4.84
1/06/2006,4.79,5.11,5.89,6.78,0.89,5.11,-0.02,201.8,84.186,16.92,136335,4.6,16396.151,99.0398,14749809,4.92
1/07/2006,4.95,5.09,5.85,6.76,0.91,5.09,-0.03,202.9,84.268,15.33,136529,4.7,16420.738,98.9751,15147399,5.08
1/08/2006,4.96,4.88,5.68,6.59,0.91,4.88,-0.03,203.8,84.44,13.35,136693,4.7,16420.738,99.4047,15147399,5.09
1/09/2006,4.81,4.72,5.51,6.43,0.92,4.72,-0.05,202.8,84.573,12.18,136829,4.5,16420.738,99.2246,15147399,4.93
1/10/2006,4.92,4.73,5.51,6.42,0.91,4.73,-0.07,201.9,84.726,11.31,136846,4.4,16561.866,99.1229,16026365,5.05
1/11/2006,4.94,4.6,5.33,6.2,0.87,4.6,-0.15,202,84.766,10.82,137061,4.5,16561.866,99.0963,16026365,5.07
1/12/2006,4.85,4.56,5.32,6.22,0.9,4.56,-0.11,203.1,84.88,10.96,137249,4.4,16561.866,100.1125,16026365,4.97
1/01/2007,4.98,4.76,5.4,6.34,0.94,4.76,-0.12,203.437,85.224,11.04,137472,4.6,16611.69,99.7546,16666943,5.11
1/02/2007,5.03,4.72,5.39,6.28,0.89,4.72,-0.13,204.226,85.408,11.16,137558,4.5,16611.69,100.7166,16666943,5.16
1/03/2007,4.94,4.56,5.3,6.27,0.97,4.56,-0.01,205.288,85.494,15.16,137782,4.4,16611.69,100.8952,16666943,5.08
1/04/2007,4.87,4.69,5.47,6.39,0.92,4.69,0.03,205.904,85.616,12.93,137845,4.5,16713.314,101.5723,17400479,5.01
1/05/2007,4.73,4.75,5.47,6.39,0.92,4.75,-0.02,206.755,85.717,13.3,137993,4.4,16713.314,101.6269,17400479,4.87
1/06/2007,4.61,5.1,5.79,6.7,0.91,5.1,0.12,207.234,85.859,14.95,138069,4.6,16713.314,101.6547,17400479,4.74
1/07/2007,4.82,5,5.73,6.65,0.92,5,0.19,207.603,85.988,17.27,138044,4.7,16809.587,101.4953,17576536,4.96
1/08/2007,4.2,4.67,5.79,6.65,0.86,4.67,0.36,207.667,86.116,25.03,138013,4.6,16809.587,101.6943,17576536,4.32
1/09/2007,3.89,4.52,5.74,6.59,0.85,4.52,0.51,208.547,86.351,22.2,138101,4.7,16809.587,101.9428,17576536,3.99
1/10/2007,3.9,4.53,5.66,6.48,0.82,4.53,0.56,209.19,86.576,19.12,138177,4.7,16915.191,101.6446,16924153,4
1/11/2007,3.27,4.15,5.44,6.4,0.96,4.15,0.81,210.834,86.746,25.58,138291,4.7,16915.191,102.2167,16924153,3.35
1/12/2007,3,4.1,5.49,6.65,1.16,4.1,0.98,211.445,86.92,21.65,138395,5,16915.191,102.2764,16924153,3.07
1/01/2008,2.75,3.74,5.33,6.54,1.21,3.74,1.27,212.174,87.093,25.82,138391,5,16843.003,102.1493,15615923,2.82
1/02/2008,2.12,3.74,5.53,6.82,1.29,3.74,1.76,212.687,87.178,25.46,138327,4.9,16843.003,101.7756,15615923,2.17
1/03/2008,1.26,3.51,5.51,6.89,1.38,3.51,1.89,213.448,87.349,27.1,138257,5.1,16843.003,101.4508,15615923,1.28
1/04/2008,1.29,3.68,5.55,6.97,1.42,3.68,1.63,213.942,87.4,21.56,138038,5,16943.291,100.7554,15454256,1.31
1/05/2008,1.73,3.88,5.57,6.93,1.36,3.88,1.43,215.208,87.559,18.3,137851,5.4,16943.291,100.1336,15454256,1.76
1/06/2008,1.86,4.1,5.68,7.07,1.39,4.1,1.33,217.463,87.76,22.11,137698,5.6,16943.291,99.8728,15454256,1.89
1/07/2008,1.63,4.01,5.67,7.16,1.49,4.01,1.43,219.016,87.918,24.32,137498,5.8,16854.295,99.4194,13834119,1.66
1/08/2008,1.72,3.89,5.64,7.15,1.51,3.89,1.47,218.69,88.026,20.7,137211,6.1,16854.295,97.8491,13834119,1.75
1/09/2008,1.13,3.69,5.65,7.31,1.66,3.69,1.61,218.877,88.116,30.24,136762,6.1,16854.295,93.5576,13834119,1.15
1/10/2008,0.67,3.81,6.28,8.88,2.6,3.81,2.2,216.995,87.991,61.18,136293,6.5,16485.35,94.4985,11049169,0.69
1/11/2008,0.19,3.53,6.12,9.21,3.09,3.53,2.31,213.153,87.952,62.67,135543,6.8,16485.35,93.2617,11049169,0.19
1/12/2008,0.03,2.42,5.05,8.43,3.38,2.42,1.6,211.398,87.909,52.41,134847,7.3,16485.35,90.6266,11049169,0.03
1/01/2009,0.13,2.52,5.05,8.14,3.09,2.52,1.71,211.933,87.882,44.68,134078,7.8,16298.262,88.3712,9962136,0.13
1/02/2009,0.3,2.87,5.27,8.08,2.81,2.87,1.89,212.705,87.952,45.57,133317,8.3,16298.262,87.843,9962136,0.3
1/03/2009,0.21,2.82,5.5,8.42,2.92,2.82,1.89,212.495,88.015,44.8,132492,8.7,16298.262,86.4689,9962136,0.22
1/04/2009,0.16,2.93,5.39,8.39,3,2.93,2,212.709,88.211,38.06,131821,9,16269.145,85.7903,11355694,0.16
1/05/2009,0.18,3.29,5.54,8.06,2.52,3.29,2.36,213.022,88.279,31.98,131468,9.4,16269.145,84.9436,11355694,0.18
1/06/2009,0.18,3.72,5.61,7.5,1.89,3.72,2.54,214.79,88.392,29.14,131007,9.5,16269.145,84.6746,11355694,0.18
1/07/2009,0.18,3.56,5.41,7.09,1.68,3.56,2.54,214.726,88.468,26.16,130662,9.5,16326.281,85.6853,12980526,0.18
1/08/2009,0.17,3.59,5.26,6.58,1.32,3.59,2.47,215.445,88.599,25.34,130472,9.6,16326.281,86.6393,12980526,0.17
1/09/2009,0.12,3.4,5.13,6.31,1.18,3.4,2.45,215.861,88.755,24.93,130247,9.8,16326.281,87.3821,12980526,0.12
1/10/2009,0.07,3.39,5.15,6.29,1.14,3.39,2.44,216.509,89.082,24.25,130062,10,16502.754,87.5809,13679698,0.07
1/11/2009,0.05,3.4,5.19,6.32,1.13,3.4,2.6,217.234,89.16,23.79,130058,9.9,16502.754,87.9388,13679698,0.05
1/12/2009,0.05,3.59,5.26,6.37,1.11,3.59,2.72,217.347,89.236,21.24,129808,9.9,16502.754,88.2404,13679698,0.05
1/01/2010,0.06,3.73,5.26,6.25,0.99,3.73,2.8,217.488,89.368,20.64,129802,9.8,16582.71,89.1897,14221421,0.06
1/02/2010,0.11,3.69,5.35,6.34,0.99,3.69,2.83,217.281,89.446,22.54,129705,9.8,16582.71,89.5046,14221421,0.11
1/03/2010,0.15,3.73,5.27,6.27,1,3.73,2.77,217.353,89.579,17.77,129865,9.9,16582.71,90.1356,14221421,0.15
1/04/2010,0.16,3.85,5.29,6.25,0.96,3.85,2.79,217.403,89.625,17.42,130120,9.9,16743.162,90.4607,12774599,0.16
1/05/2010,0.16,3.42,4.96,6.05,1.09,3.42,2.59,217.29,89.724,31.93,130643,9.6,16743.162,91.7014,12774599,0.16
1/06/2010,0.12,3.2,4.88,6.23,1.35,3.2,2.48,217.199,89.767,29.92,130509,9.4,16743.162,91.9033,12774599,0.12
1/07/2010,0.16,3.01,4.72,6.01,1.29,3.01,2.39,217.605,89.769,25.57,130415,9.4,16872.266,92.2549,14161864,0.16
1/08/2010,0.16,2.7,4.49,5.66,1.17,2.7,2.18,217.923,89.855,24.75,130416,9.5,16872.266,92.5936,14161864,0.16
1/09/2010,0.15,2.65,4.53,5.66,1.13,2.65,2.17,218.275,89.906,22.52,130342,9.5,16872.266,92.8533,14161864,0.15
1/10/2010,0.13,2.54,4.68,5.72,1.04,2.54,2.16,219.035,90.043,20.37,130621,9.4,16960.864,92.6033,15565633,0.13
1/11/2010,0.14,2.76,4.87,5.92,1.05,2.76,2.31,219.59,90.16,20.1,130749,9.8,16960.864,92.6686,15565633,0.14
1/12/2010,0.14,3.29,5.02,6.1,1.08,3.29,2.67,220.472,90.179,17.57,130830,9.3,16960.864,93.5916,15565633,0.14
1/01/2011,0.15,3.39,5.04,6.09,1.05,3.39,2.78,221.187,90.372,17.32,130837,9.1,16920.632,93.3889,16567200,0.15
1/02/2011,0.13,3.58,5.22,6.15,0.93,3.58,2.8,221.898,90.53,17.43,131056,9,16920.632,93.0045,16567200,0.13
1/03/2011,0.1,3.41,5.13,6.03,0.9,3.41,2.72,223.046,90.667,20.72,131282,9,16920.632,93.9684,16567200,0.1
1/04/2011,0.06,3.46,5.16,6.02,0.86,3.46,2.72,224.093,90.875,16.24,131597,9.1,17035.114,93.6571,16518909,0.06
1/05/2011,0.04,3.17,4.96,5.78,0.82,3.17,2.61,224.806,91.091,16.91,131704,9,17035.114,93.7723,16518909,0.04
1/06/2011,0.04,3,4.99,5.75,0.76,3,2.59,224.806,91.191,19.15,131931,9.1,17035.114,94.0493,16518909,0.04
1/07/2011,0.04,3,4.93,5.76,0.83,3,2.6,225.395,91.326,19.23,131993,9,17031.313,94.4958,14191024,0.04
1/08/2011,0.02,2.3,4.37,5.36,0.99,2.3,2.07,226.106,91.508,35.03,132125,9,17031.313,95.0974,14191024,0.02
1/09/2011,0.01,1.98,4.09,5.27,1.18,1.98,1.76,226.597,91.57,36.53,132344,9,17031.313,95.0244,14191024,0.01
1/10/2011,0.02,2.15,3.98,5.37,1.39,2.15,1.87,226.75,91.614,32.83,132553,8.8,17222.583,95.6891,15598834,0.02
1/11/2011,0.01,2.01,3.87,5.14,1.27,2.01,1.76,227.169,91.808,31.94,132690,8.6,17222.583,95.6778,15598834,0.01
1/12/2011,0.01,1.98,3.93,5.25,1.32,1.98,1.72,227.223,91.96,25.05,132888,8.5,17222.583,96.1809,15598834,0.01
1/01/2012,0.03,1.97,3.85,5.23,1.38,1.97,1.73,227.842,92.235,20.23,133245,8.3,17367.01,96.7595,17020124,0.03
1/02/2012,0.09,1.97,3.85,5.14,1.29,1.97,1.69,228.329,92.364,18.42,133508,8.3,17367.01,97.0662,17020124,0.09
1/03/2012,0.08,2.17,3.99,5.23,1.24,2.17,1.83,228.807,92.521,16.17,133748,8.2,17367.01,96.5609,17020124,0.08
1/04/2012,0.08,2.05,3.96,5.19,1.23,2.05,1.76,229.187,92.661,17.82,133825,8.2,17444.525,97.251,16546012,0.08
1/05/2012,0.09,1.8,3.8,5.07,1.27,1.8,1.52,228.713,92.755,21,133933,8.2,17444.525,97.4595,16546012,0.09
1/06/2012,0.09,1.62,3.64,5.02,1.38,1.62,1.33,228.524,92.85,21.13,134012,8.2,17444.525,97.4768,16546012,0.09
1/07/2012,0.1,1.53,3.4,4.87,1.47,1.53,1.28,228.59,92.946,17.57,134157,8.2,17469.65,97.6714,17648895,0.1
1/08/2012,0.1,1.68,3.48,4.91,1.43,1.68,1.41,229.918,93.005,15.69,134338,8.1,17469.65,97.2734,17648895,0.1
1/09/2012,0.11,1.72,3.49,4.84,1.35,1.72,1.47,231.015,93.119,15.28,134517,7.8,17469.65,97.2217,17648895,0.11
1/10/2012,0.1,1.75,3.47,4.58,1.11,1.75,1.47,231.638,93.345,16.28,134668,7.8,17489.852,97.5311,17486791,0.1
1/11/2012,0.09,1.65,3.5,4.51,1.01,1.65,1.39,231.249,93.445,16.7,134825,7.7,17489.852,97.9084,17486791,0.09
1/12/2012,0.07,1.72,3.65,4.63,0.98,1.72,1.46,231.221,93.514,17.31,135074,7.9,17489.852,98.1884,17486791,0.07
1/01/2013,0.07,1.91,3.8,4.73,0.93,1.91,1.65,231.679,93.703,13.51,135257,8,17662.4,98.1736,19640529,0.07
1/02/2013,0.1,1.98,3.9,4.85,0.95,1.98,1.72,232.937,93.805,14.07,135545,7.7,17662.4,98.6434,19640529,0.1
1/03/2013,0.09,1.96,3.93,4.85,0.92,1.96,1.7,232.282,93.891,13.03,135689,7.5,17662.4,99.047,19640529,0.09
1/04/2013,0.06,1.76,3.73,4.59,0.86,1.76,1.53,231.797,93.937,13.97,135873,7.6,17709.671,98.9445,20002143,0.06
1/05/2013,0.04,1.93,3.89,4.73,0.84,1.93,1.68,231.893,94.047,13.49,136095,7.5,17709.671,99.0383,20002143,0.04
1/06/2013,0.05,2.3,4.27,5.19,0.92,2.3,1.97,232.445,94.209,17.27,136279,7.5,17709.671,99.2221,20002143,0.05
1/07/2013,0.04,2.58,4.34,5.32,0.98,2.58,2.24,232.9,94.329,13.97,136391,7.3,17860.45,98.8987,21085354,0.04
1/08/2013,0.04,2.74,4.54,5.42,0.88,2.74,2.38,233.456,94.431,14.21,136646,7.2,17860.45,99.4897,21085354,0.04
1/09/2013,0.02,2.81,4.64,5.47,0.83,2.81,2.41,233.544,94.543,14.69,136821,7.2,17860.45,100.021,21085354,0.02
1/10/2013,0.05,2.62,4.53,5.31,0.78,2.62,2.28,233.669,94.703,15.41,137041,7.2,18016.147,99.9037,22686251,0.05
1/11/2013,0.07,2.72,4.63,5.38,0.75,2.72,2.41,234.1,94.86,12.92,137316,6.9,18016.147,100.1582,22686251,0.07
1/12/2013,0.07,2.9,4.62,5.38,0.76,2.9,2.56,234.719,94.961,14.19,137373,6.7,18016.147,100.374,22686251,0.07
1/01/2014,0.04,2.86,4.49,5.19,0.7,2.86,2.46,235.288,95.064,14.24,137561,6.6,17953.974,99.9899,23438216,0.04
1/02/2014,0.05,2.71,4.45,5.1,0.65,2.71,2.38,235.547,95.109,15.47,137712,6.7,17953.974,100.7471,23438216,0.05
1/03/2014,0.05,2.72,4.38,5.06,0.68,2.72,2.32,236.028,95.25,14.84,137985,6.7,17953.974,101.7435,23438216,0.05
1/04/2014,0.03,2.71,4.24,4.9,0.66,2.71,2.29,236.468,95.413,14.2,138297,6.2,18185.911,101.8273,24513345,0.03
1/05/2014,0.03,2.56,4.16,4.76,0.6,2.56,2.17,236.918,95.574,12.48,138512,6.3,18185.911,102.2392,24513345,0.03
1/06/2014,0.04,2.6,4.25,4.8,0.55,2.6,2.15,237.231,95.682,11.54,138849,6.1,18185.911,102.5774,24513345,0.04
1/07/2014,0.03,2.54,4.16,4.73,0.57,2.54,2.04,237.498,95.848,12.3,139073,6.2,18406.941,102.7954,24323936,0.03
1/08/2014,0.03,2.42,4.08,4.69,0.61,2.42,1.95,237.46,95.885,13.49,139269,6.1,18406.941,102.6322,24323936,0.03
1/09/2014,0.02,2.53,4.11,4.8,0.69,2.53,1.97,237.477,96.013,13.47,139563,5.9,18406.941,102.9417,24323936,0.02
1/10/2014,0.02,2.3,3.92,4.69,0.77,2.3,1.86,237.43,96.096,18.06,139797,5.7,18500.031,102.9611,25323624,0.02
1/11/2014,0.02,2.33,3.92,4.79,0.87,2.33,1.8,236.983,96.181,13.41,140090,5.8,18500.031,103.5978,25323624,0.02
1/12/2014,0.03,2.21,3.79,4.74,0.95,2.21,1.57,236.252,96.249,16.29,140364,5.6,18500.031,103.6151,25323624,0.03
1/01/2015,0.03,1.88,3.46,4.45,0.99,1.88,1.33,234.747,96.214,19.12,140568,5.7,18666.621,102.7923,25487643,0.03
1/02/2015,0.02,1.98,3.61,4.51,0.9,1.98,1.36,235.342,96.324,15.9,140827,5.5,18666.621,102.1366,25487643,0.02
1/03/2015,0.03,2.04,3.64,4.54,0.9,2.04,1.4,235.976,96.47,14.81,140923,5.4,18666.621,101.7869,25487643,0.03
1/04/2015,0.02,1.94,3.52,4.48,0.96,1.94,1.4,236.222,96.648,13.49,141196,5.4,18782.243,101.2255,25179445,0.02
1/05/2015,0.02,2.2,3.98,4.89,0.91,2.2,1.59,237.001,96.766,13.34,141538,5.6,18782.243,100.7675,25179445,0.02
1/06/2015,0.02,2.36,4.19,5.13,0.94,2.36,1.68,237.657,96.882,14.34,141709,5.3,18782.243,100.4588,25179445,0.02
1/07/2015,0.03,2.32,4.15,5.2,1.05,2.32,1.66,238.034,96.978,14.35,141991,5.2,18857.418,101.0893,23272183,0.03
1/08/2015,0.07,2.17,4.04,5.19,1.15,2.17,1.47,238.033,97.056,19.43,142125,5.1,18857.418,100.9165,23272183,0.07
1/09/2015,0.02,2.17,4.07,5.34,1.27,2.17,1.46,237.498,97.196,24.38,142275,5,18857.418,100.633,23272183,0.02
1/10/2015,0.02,2.07,3.95,5.34,1.39,2.07,1.43,237.733,97.228,16.79,142579,5,18892.206,100.1563,24338423,0.02
1/11/2015,0.12,2.26,4.06,5.46,1.4,2.26,1.38,238.017,97.332,16.21,142808,5.1,18892.206,99.4366,24338423,0.13
1/12/2015,0.23,2.24,3.97,5.46,1.49,2.24,1.26,237.761,97.396,18.03,143077,5,18892.206,98.9471,24338423,0.23
1/01/2016,0.26,2.09,4,5.45,1.45,2.09,1.19,237.652,97.567,23.72,143210,4.8,19001.69,99.4391,24749916,0.26
1/02/2016,0.31,1.78,3.96,5.34,1.38,1.78,1.05,237.336,97.736,22.52,143407,4.9,19001.69,98.9232,24749916,0.31
1/03/2016,0.29,1.89,3.82,5.13,1.31,1.89,1.01,238.08,97.876,15.85,143662,5,19001.69,98.1635,24749916,0.3
1/04/2016,0.23,1.81,3.62,4.79,1.17,1.81,1.04,238.992,98.117,14.3,143855,5.1,19062.709,98.4775,25241855,0.23
1/05/2016,0.27,1.81,3.65,4.68,1.03,1.81,0.99,239.557,98.284,14.85,143900,4.8,19062.709,98.2549,25241855,0.28
1/06/2016,0.27,1.64,3.5,4.53,1.03,1.64,0.91,240.222,98.386,17.77,144146,4.9,19062.709,98.7315,25241855,0.27
1/07/2016,0.3,1.5,3.28,4.22,0.94,1.5,0.83,240.101,98.529,13.16,144520,4.8,19197.938,98.8452,25826193,0.3
1/08/2016,0.3,1.56,3.32,4.24,0.92,1.56,0.82,240.545,98.703,12.4,144662,4.9,19197.938,98.7427,25826193,0.3
1/09/2016,0.29,1.63,3.41,4.31,0.9,1.63,0.86,241.176,98.834,14.22,144967,5,19197.938,98.6552,25826193,0.29
1/10/2016,0.33,1.76,3.51,4.38,0.87,1.76,0.92,241.741,98.961,14.59,145066,4.9,19304.352,98.7237,25846461,0.33
1/11/2016,0.45,2.14,3.86,4.71,0.85,2.14,1.16,242.026,99.005,15.24,145183,4.7,19304.352,98.3443,25846461,0.45
1/12/2016,0.51,2.49,4.06,4.83,0.77,2.49,1.3,242.637,99.12,12.47,145408,4.7,19304.352,99.0406,25846461,0.51
1/01/2017,0.51,2.43,3.92,4.66,0.74,2.43,1.23,243.618,99.385,11.61,145628,4.7,19398.343,98.8158,27250946,0.52
1/02/2017,0.52,2.42,3.95,4.64,0.69,2.42,1.22,244.006,99.561,11.53,145848,4.6,19398.343,98.4356,27250946,0.53
1/03/2017,0.74,2.48,4.01,4.68,0.67,2.48,1.17,243.892,99.519,11.9,145969,4.4,19398.343,99.0492,27250946,0.75
1/04/2017,0.8,2.3,3.87,4.57,0.7,2.3,1.06,244.193,99.723,13.14,146174,4.4,19506.949,100.0416,27685659,0.81
1/05/2017,0.89,2.3,3.85,4.55,0.7,2.3,1,244.004,99.803,10.86,146380,4.4,19506.949,100.128,27685659,0.9
1/06/2017,0.98,2.19,3.68,4.37,0.69,2.19,0.84,244.163,99.937,10.51,146583,4.3,19506.949,100.337,27685659,1
1/07/2017,1.07,2.32,3.7,4.39,0.69,2.32,0.95,244.243,100.01,10.26,146772,4.3,19660.766,100.0865,28461034,1.09
1/08/2017,1.01,2.21,3.63,4.31,0.68,2.21,0.87,245.183,100.118,11.98,146919,4.4,19660.766,99.6323,28461034,1.03
1/09/2017,1.03,2.2,3.63,4.3,0.67,2.2,0.82,246.435,100.24,10.44,147007,4.3,19660.766,99.7482,28461034,1.05
1/10/2017,1.07,2.36,3.6,4.32,0.72,2.36,0.81,246.626,100.486,10.13,147150,4.2,19882.352,100.9893,30025909,1.09
1/11/2017,1.23,2.35,3.57,4.27,0.7,2.35,0.66,247.284,100.535,10.54,147373,4.2,19882.352,101.2493,30025909,1.25
1/12/2017,1.32,2.4,3.51,4.22,0.71,2.4,0.56,247.805,100.683,10.26,147523,4.1,19882.352,101.4871,30025909,1.34
1/01/2018,1.41,2.58,3.55,4.26,0.71,2.58,0.55,248.859,101.007,11.06,147660,4,20044.077,101.4852,29745677,1.43
1/02/2018,1.57,2.86,3.82,4.51,0.69,2.86,0.68,249.529,101.198,22.46,148054,4.1,20044.077,101.7319,29745677,1.59
1/03/2018,1.7,2.84,3.87,4.64,0.77,2.84,0.57,249.577,101.419,19.02,148280,4,20044.077,102.1943,29745677,1.73
1/04/2018,1.76,2.87,3.85,4.67,0.82,2.87,0.48,250.227,101.602,18.27,148422,4,20150.476,103.3551,30845418,1.79
1/05/2018,1.86,2.98,4,4.83,0.83,2.98,0.47,250.792,101.78,14.12,148740,3.8,20150.476,102.381,30845418,1.9
1/06/2018,1.9,2.91,3.96,4.83,0.87,2.91,0.38,251.018,101.872,13.68,148959,4,20150.476,103.2256,30845418,1.94
1/07/2018,1.96,2.89,3.87,4.79,0.92,2.89,0.28,251.214,102.006,13.15,149020,3.8,20276.154,103.3561,32560063,1.99
1/08/2018,2.03,2.89,3.88,4.77,0.89,2.89,0.25,251.663,102.016,12.55,149279,3.8,20276.154,104.0585,32560063,2.07
1/09/2018,2.13,3,3.98,4.88,0.9,3,0.24,252.182,102.205,12.91,149358,3.7,20276.154,104.1038,32560063,2.17
1/10/2018,2.25,3.15,4.14,5.07,0.93,3.15,0.29,252.772,102.366,19.35,149526,3.8,20304.874,103.9297,27923534,2.29
1/11/2018,2.33,3.12,4.22,5.22,1,3.12,0.26,252.594,102.556,19.39,149617,3.8,20304.874,104.0126,27923534,2.37
1/12/2018,2.37,2.83,4.02,5.13,1.11,2.83,0.16,252.767,102.735,24.95,149809,3.9,20304.874,104.0451,27923534,2.41
1/01/2019,2.37,2.71,3.93,5.12,1.19,2.71,0.17,252.561,102.87,19.57,150059,4,20431.641,103.3598,31837545,2.42
1/02/2019,2.39,2.68,3.79,4.95,1.16,2.68,0.17,253.319,102.963,15.23,150065,3.8,20431.641,102.8251,31837545,2.44
1/03/2019,2.4,2.57,3.77,4.84,1.07,2.57,0.16,254.277,103.058,14.49,150295,3.8,20431.641,102.8361,31837545,2.45
1/04/2019,2.38,2.53,3.69,4.7,1.01,2.53,0.19,255.233,103.265,12.95,150593,3.7,20602.275,102.2748,32623379,2.43
1/05/2019,2.35,2.4,3.67,4.63,0.96,2.4,0.19,255.296,103.371,16.72,150621,3.6,20602.275,102.4176,32623379,2.4
1/06/2019,2.17,2.07,3.42,4.46,1.04,2.07,0.26,255.213,103.56,15.84,150839,3.6,20602.275,102.5425,32623379,2.22
1/07/2019,2.1,2.06,3.29,4.28,0.99,2.06,0.22,255.802,103.678,13.31,150936,3.7,20843.322,102.0057,32779427,2.15
1/08/2019,1.95,1.63,2.98,3.87,0.89,1.63,0.06,256.036,103.797,18.98,151171,3.6,20843.322,102.7814,32779427,1.99
1/09/2019,1.89,1.7,3.03,3.91,0.88,1.7,0.05,256.43,103.873,15.56,151365,3.5,20843.322,102.4601,32779427,1.93
1/10/2019,1.65,1.71,3.01,3.92,0.91,1.71,0.16,257.155,104.028,15.47,151460,3.6,20985.448,101.5878,35065278,1.68
1/11/2019,1.54,1.81,3.06,3.94,0.88,1.81,0.2,257.879,104.092,12.52,151668,3.6,20985.448,102.1494,35065278,1.57
1/12/2019,1.54,1.86,3.01,3.88,0.87,1.86,0.25,258.63,104.322,13.76,151795,3.6,20985.448,101.9421,35065278,1.57
1/01/2020,1.52,1.76,2.94,3.77,0.83,1.76,0.24,259.127,104.488,13.94,152031,3.6,20693.238,101.3372,28002656,1.55
1/02/2020,1.52,1.5,2.78,3.61,0.83,1.5,0.17,259.25,104.684,19.63,152292,3.5,20693.238,101.6718,28002656,1.54
1/03/2020,0.29,0.87,3.02,4.29,1.27,0.87,0.42,258.076,104.596,57.74,150895,4.4,20693.238,97.606,28002656,0.3
1/04/2020,0.14,0.66,2.43,4.13,1.7,0.66,0.43,256.032,104.256,41.45,130424,14.8,19056.617,84.6812,34553381,0.14
1/05/2020,0.13,0.67,2.5,3.95,1.45,0.67,0.5,255.802,104.37,30.9,133040,13.2,19056.617,86.0108,34553381,0.13
1/06/2020,0.16,0.73,2.44,3.64,1.2,0.73,0.54,257.042,104.531,31.12,137671,11,19056.617,91.6745,34553381,0.16
1/07/2020,0.13,0.62,2.14,3.31,1.17,0.62,0.48,258.352,104.9,26.84,139255,10.2,20548.793,95.0037,38113361,0.13
1/08/2020,0.1,0.65,2.25,3.27,1.02,0.65,0.51,259.316,105.235,22.89,140819,8.4,20548.793,95.9294,38113361,0.1
1/09/2020,0.11,0.68,2.31,3.36,1.05,0.68,0.54,259.997,105.395,27.65,141770,7.8,20548.793,95.8914,38113361,0.11
1/10/2020,0.1,0.79,2.35,3.44,1.09,0.79,0.64,260.319,105.47,29.44,142461,6.9,20771.691,96.5256,43788193,0.1
1/11/2020,0.09,0.87,2.3,3.3,1,0.87,0.7,260.911,105.578,25,142731,6.7,20771.691,96.9529,43788193,0.09
1/12/2020,0.09,0.93,2.26,3.16,0.9,0.93,0.8,262.045,105.904,22.37,142548,6.7,20771.691,98.2039,43788193,0.09
1/01/2021,0.08,1.08,2.45,3.24,0.79,1.08,0.95,262.639,106.244,24.91,142913,6.4,21058.379,98.8135,46707531,0.08
1/02/2021,0.04,1.26,2.7,3.42,0.72,1.26,1.14,263.573,106.477,23.14,143422,6.2,21058.379,95.5072,46707531,0.04
1/03/2021,0.03,1.61,3.04,3.74,0.7,1.61,1.46,264.847,106.898,21.84,144246,6.1,21058.379,98.1929,46707531,0.03
1/04/2021,0.02,1.64,2.9,3.6,0.7,1.64,1.47,266.625,107.549,17.42,144611,6.1,21389.005,98.3317,50523557,0.02
1/05/2021,0.02,1.62,2.96,3.62,0.66,1.62,1.47,268.404,108.103,19.76,145032,5.8,21389.005,99.1867,50523557,0.02
1/06/2021,0.04,1.52,2.79,3.44,0.65,1.52,1.32,270.71,108.595,16.96,145828,5.9,21389.005,99.6483,50523557,0.04
1/07/2021,0.05,1.32,2.57,3.24,0.67,1.32,1.1,271.965,109.062,17.6,146759,5.4,21571.421,100.0668,50549327,0.05
1/08/2021,0.05,1.28,2.55,3.24,0.69,1.28,1.07,272.752,109.436,17.47,147246,5.1,21571.421,100.0412,50549327,0.05
1/09/2021,0.04,1.37,2.53,3.23,0.7,1.37,1.13,273.942,109.657,19.82,147712,4.7,21571.421,98.9955,50549327,0.04
1/10/2021,0.05,1.58,2.68,3.35,0.67,1.58,1.19,276.528,110.184,17.87,148569,4.5,21960.388,100.3542,54534086,0.05
1/11/2021,0.05,1.56,2.62,3.28,0.66,1.56,1.05,278.824,110.792,18.5,149206,4.2,21960.388,101.2684,54534086,0.05
1/12/2021,0.06,1.47,2.65,3.3,0.65,1.47,0.79,280.806,111.458,21.35,149781,3.9,21960.388,101.1948,54534086,0.06
1/01/2022,0.15,1.76,2.93,3.58,0.65,1.76,0.78,282.542,111.988,23.18,150006,4,21903.85,101.2146,51548969,0.15
1/02/2022,0.33,1.93,3.25,3.97,0.72,1.93,0.5,284.525,112.492,25.75,150875,3.8,21903.85,101.8458,51548969,0.31
1/03/2022,0.44,2.13,3.43,4.29,0.86,2.13,0.22,287.467,112.916,26.97,151346,3.7,21903.85,102.6732,51548969,0.45
1/04/2022,0.76,2.75,3.76,4.66,0.9,2.75,0.21,288.582,113.301,24.37,151651,3.7,21919.222,102.9024,42677726,0.76
1/05/2022,0.98,2.9,4.13,5.12,0.99,2.9,0.28,291.299,113.709,29.31,151892,3.6,21919.222,102.9659,42677726,0.99
1/06/2022,1.49,3.14,4.24,5.27,1.03,3.14,0.15,295.072,114.376,28.23,152353,3.6,21919.222,102.8224,42677726,1.54
1/07/2022,2.23,2.9,4.06,5.21,1.15,2.9,-0.14,294.94,114.638,25,153049,3.5,22066.784,103.0505,40759542,2.3
1/08/2022,2.63,2.9,4.07,5.15,1.08,2.9,-0.35,295.162,115.298,22.17,153286,3.6,22066.784,103.1703,40759542,2.72
1/09/2022,3.13,3.52,4.59,5.69,1.1,3.52,-0.34,296.421,115.805,27.34,153513,3.5,22066.784,103.5326,40759542,3.22
1/10/2022,3.72,3.98,5.1,6.26,1.16,3.98,-0.39,297.979,116.2,30.01,153913,3.6,22249.459,103.4442,42518083,3.87
1/11/2022,4.15,3.89,4.9,6.07,1.17,3.89,-0.61,298.708,116.554,23.3,154210,3.6,22249.459,103.1058,42518083,4.32
1/12/2022,4.25,3.62,4.43,5.59,1.16,3.62,-0.67,298.808,116.977,21.78,154336,3.5,22249.459,101.8266,42518083,4.36
1/01/2023,4.54,3.53,4.4,5.5,1.1,3.53,-0.68,300.456,117.526,20.17,154780,3.5,22403.435,102.7476,45886096,4.69
1/02/2023,4.65,3.75,4.56,5.59,1.03,3.75,-0.79,301.476,117.963,20.12,155086,3.6,22403.435,102.8003,45886096,4.79
1/03/2023,4.69,3.66,4.6,5.71,1.11,3.66,-0.64,301.643,118.304,21.64,155171,3.5,22403.435,102.8143,45886096,4.86
1/04/2023,4.92,3.46,4.47,5.53,1.06,3.46,-0.56,302.858,118.715,17.82,155387,3.4,22539.418,103.2241,49422419,5.07
1/05/2023,5.14,3.57,4.67,5.77,1.1,3.57,-0.56,303.316,119.063,17.64,155614,3.6,22539.418,102.9809,49422419,5.31
1/06/2023,5.16,3.75,4.65,5.75,1.1,3.75,-0.89,304.099,119.37,14,155871,3.6,22539.418,102.3809,49422419,5.42
1/07/2023,5.25,3.9,4.66,5.74,1.08,3.9,-0.93,304.615,119.536,13.93,156019,3.5,22780.933,103.0722,47396907,5.49
1/08/2023,5.3,4.17,4.95,6.02,1.07,4.17,-0.73,306.138,119.658,15.85,156176,3.7,22780.933,103.0951,47396907,5.56
1/09/2023,5.32,4.38,5.13,6.16,1.03,4.38,-0.64,307.374,120.04,15.17,156334,3.8,22780.933,103.3081,47396907,5.56
1/10/2023,5.34,4.8,5.61,6.63,1.02,4.8,-0.27,307.653,120.2,18.89,156520,3.9,22960.6,102.5781,52271749,5.6
1/11/2023,5.27,4.5,5.28,6.29,1.01,4.5,-0.38,308.087,120.309,14.02,156661,3.7,22960.6,102.8868,52271749,5.52
1/12/2023,5.24,4.02,4.74,5.64,0.9,4.02,-0.44,308.735,120.528,12.72,156930,3.8,22960.6,102.6309,52271749,5.44
1/01/2024,5.22,4.06,4.87,5.68,0.81,4.06,-0.26,309.794,121.128,13.39,157049,3.7,23053.545,101.483,57214450,5.45
1/02/2024,5.24,4.21,5.03,5.77,0.74,4.21,-0.34,311.022,121.418,13.98,157271,3.9,23053.545,102.7267,57214450,5.44
1/03/2024,5.24,4.21,5.01,5.75,0.74,4.21,-0.38,312.107,121.829,13.79,157517,3.9,23053.545,102.5186,57214450,5.47
1/04/2024,5.24,4.54,5.28,6,0.72,4.54,-0.33,313.016,122.14,16.14,157635,3.9,23223.906,102.3568,58759093,5.44
1/05/2024,5.25,4.48,5.25,5.95,0.7,4.48,-0.37,313.14,122.239,13.06,157828,4,23223.906,102.9797,58759093,5.46
1/06/2024,5.24,4.31,5.13,5.82,0.69,4.31,-0.43,313.131,122.51,12.67,157915,4.1,23223.906,103.2534,58759093,5.51
1/07/2024,5.2,4.25,5.12,5.84,0.72,4.25,-0.25,313.566,122.722,14.37,158003,4.2,23400.294,102.5192,61968051,5.43
1/08/2024,5.05,3.87,4.87,5.6,0.73,3.87,-0.09,314.131,122.926,19.31,158074,4.2,23400.294,103.0196,61968051,5.3
1/09/2024,4.72,3.72,4.68,5.42,0.74,3.72,0.1,314.851,123.234,17.66,158314,4.1,23400.294,102.5954,61968051,4.92
1/10/2024,4.51,4.1,4.95,5.63,0.68,4.1,0.12,315.564,123.595,19.96,158358,4.1,23542.349,102.2138,63398969,4.72
1/11/2024,4.42,4.36,5.14,5.78,0.64,4.36,0.1,316.449,123.716,16.02,158619,4.2,23542.349,101.9503,63398969,4.62
1/12/2024,4.27,4.39,5.2,5.8,0.6,4.39,0.17,317.603,123.98,15.87,158942,4.1,23542.349,103.0447,63398969,4.39
1/01/2025,4.21,4.63,5.46,6.08,0.62,4.63,0.36,319.086,124.384,16.76,159053,4,23512.717,102.9343,59201997,4.34
1/02/2025,4.22,4.45,5.32,5.92,0.6,4.45,0.24,319.775,124.962,16.97,159155,4.1,,104.0003,,4.33
1/03/2025,4.2,4.28,5.29,5.93,0.64,4.28,0.31,319.615,125.076,21.84,159275,4.2,,103.7483,,4.34
1/04/2025,4.21,4.28,5.45,6.18,0.73,4.28,0.5,320.321,125.221,31.97,159422,4.2,,103.8216,,4.32
1/05/2025,4.25,4.42,5.54,6.29,0.75,4.42,0.5,320.58,,20.46,159561,4.2,,103.5948,,4.36
1/06/2025,,4.4,,,0,,0.49,,,18.71,,,,,,4.43
